"condition","mutation","partner","medrep","p.adj","p.adj.signif","log2FC_PCA_score","log10p","mutation_sig"
"MTX","H86P","ABP1",0.795407660283421,0.799,"ns",-0.0469063644458145,0.0974532206860086,NA
"MTX","H86P","BBC1",0.536818222955427,0.432,"ns",-0.190543921392214,0.364516253185088,NA
"MTX","H86P","BEM1",0.550937757710152,0.658,"ns",-0.092446511180852,0.181774106386044,NA
"MTX","H86P","BOI1",0.5635247706685,0.556,"ns",-0.0654902158578026,0.254925208417942,NA
"MTX","H86P","BOI2",0.58876152223547,0.769,"ns",-0.0597490404983069,0.114073660198569,NA
"MTX","H86P","BUD14",0.600032736809143,0.916,"ns",-0.0217859004296212,0.0381045263321496,NA
"MTX","H86P","BZZ1",0.539955429717445,0.585,"ns",-0.153505474106632,0.23284413391782,NA
"MTX","H86P","CDC25",0.540059642329053,0.922,"ns",-0.00404452302840905,0.0352690789463706,NA
"MTX","H86P","CYK3",0.539742225254265,0.942,"ns",-0.0645103478548891,0.0259490972071227,NA
"MTX","H86P","FUS1",0.544393606129314,0.668,"ns",-0.0319501365851713,0.175223537524454,NA
"MTX","H86P","HOF1",0.552011737794624,0.928,"ns",0.0493694275724081,0.0324520237811379,NA
"MTX","H86P","HSE1",0.612965202145666,0.921,"ns",-0.013982234749514,0.0357403698031511,NA
"MTX","H86P","LSB1",0.627661922036513,0.591,"ns",-0.0184416477087347,0.228412519118745,NA
"MTX","H86P","LSB3",0.60781245186104,0.078,"ns",-0.103312306381567,1.10790539730952,NA
"MTX","H86P","MYO3",0.638209745300791,0.362,"ns",-0.046864030556471,0.441291429466834,NA
"MTX","H86P","MYO5",0.646708728191529,0.858,"ns",-0.0124630300205146,0.0665127121512946,NA
"MTX","H86P","PEX13",0.517622041295292,0.589,"ns",-0.0358889770797381,0.229884705212898,NA
"MTX","H86P","PIN3",0.613202014825398,0.741,"ns",-0.00553874132666527,0.130181792020672,NA
"MTX","H86P","RVS167",0.687776839781729,0.878,"ns",-0.000752316658835875,0.0565054840938974,NA
"MTX","H86P","SDC25_17W",0.522473446632618,0.401,"ns",-0.0695799685386922,0.396855627379818,NA
"MTX","H86P","SLA1",0.597934065026304,0.629,"ns",-0.0378336195404908,0.201349354554731,NA
"MTX","H86P","YSC84",0.59528855636337,0.346,"ns",-0.0579991227925492,0.460923901207223,NA
"MTX","H86W","ABP1",0.818192095903285,0.747,"ns",-0.00616122050733649,0.126679398184601,NA
"MTX","H86W","BEM1",0.595547152996479,0.658,"ns",0.0198798888673596,0.181774106386044,NA
"MTX","H86W","BOI1",0.595598217493556,0.831,"ns",0.0143701925195085,0.080398976215889,NA
"MTX","H86W","BOI2",0.597931477239891,0.994,"ns",-0.037452267968471,0.00261361560268669,NA
"MTX","H86W","BUD14",0.627905663690497,0.391,"ns",0.0437207110495675,0.407823242604133,NA
"MTX","H86W","BZZ1",0.619597189387189,0.55,"ns",0.0449847998588864,0.259637310505756,NA
"MTX","H86W","CDC25",0.540282975700202,0.926,"ns",-0.00344804197464915,0.0333890133180656,NA
"MTX","H86W","CYK3",0.562582239313533,0.925,"ns",-0.00471689729609982,0.0338582672609674,NA
"MTX","H86W","FUS1",0.560303175017316,0.95,"ns",0.00960740861688715,0.0222763947111523,NA
"MTX","H86W","HOF1",0.545117115015404,0.928,"ns",0.0312367004835823,0.0324520237811379,NA
"MTX","H86W","HSE1",0.617435064463393,0.921,"ns",-0.00349999292399077,0.0357403698031511,NA
"MTX","H86W","LSB1",0.641597946217463,0.343,"ns",0.0132401874423288,0.464705879957229,NA
"MTX","H86W","LSB3",0.652012511082754,0.969,"ns",-0.00203888936130801,0.0136762229492347,NA
"MTX","H86W","MYO3",0.674206284344294,0.982,"ns",0.0322954059608377,0.00788851221305034,NA
"MTX","H86W","MYO5",0.664851768498002,0.835,"ns",0.0274536099103395,0.0783135245163979,NA
"MTX","H86W","PEX13",0.554232867934519,0.563,"ns",0.0627042418669277,0.249491605148654,NA
"MTX","H86W","PIN3",0.644552436307587,0.246,"ns",0.0663965523463176,0.609064892896621,NA
"MTX","H86W","RVS167",0.69039114657823,0.987,"ns",0.00472111185201474,0.00568284733036327,NA
"MTX","H86W","SDC25_17W",0.571066818832032,0.777,"ns",0.0587218745902948,0.109578981199086,NA
"MTX","H86W","SLA1",0.640620904794159,0.478,"ns",0.0616508521641973,0.320572103387881,NA
"MTX","H86W","YSC84",0.627524179961025,0.775,"ns",0.0180827670004672,0.11069829749369,NA
"MTX","I87W","ABP1",0.730005741072662,0.008,"**",-0.170693010731052,2.09691001300806,"I87W"
"MTX","I87W","BBC1",0.150151992379348,0.000783,"***",-2.0285539495575,3.10623823794206,"I87W"
"MTX","I87W","BEM1",0.549101421053368,0.658,"ns",-0.097263205531733,0.181774106386044,NA
"MTX","I87W","BOI1",0.523366797858258,0.106,"ns",-0.172146840310068,0.97469413473523,NA
"MTX","I87W","BOI2",0.539951163779524,0.194,"ns",-0.184603501742582,0.712198270069774,NA
"MTX","I87W","BUD14",0.554928737091055,0.192,"ns",-0.134524599227581,0.71669877129645,NA
"MTX","I87W","BZZ1",0.547672148568215,0.351,"ns",-0.133033284817057,0.454692883534176,NA
"MTX","I87W","CDC25",0.479964055692094,0.437,"ns",-0.174236898330758,0.359518563029578,NA
"MTX","I87W","CYK3",0.519182299838492,0.529,"ns",-0.1205397056101,0.276544327964814,NA
"MTX","I87W","FUS1",0.500037173545143,0.081,"ns",-0.154564908079928,1.09151498112135,NA
"MTX","I87W","HOF1",0.509419046279529,0.315,"ns",-0.0664766163031853,0.501689446210399,NA
"MTX","I87W","HSE1",0.562913832608126,0.378,"ns",-0.136873309306064,0.422508200162775,NA
"MTX","I87W","LSB1",0.5688269855626,0.064,"ns",-0.160439427154713,1.19382002601611,NA
"MTX","I87W","LSB3",0.585864257176924,0.02,"*",-0.156372101439782,1.69897000433602,"I87W"
"MTX","I87W","MYO3",0.595621255605402,0.295,"ns",-0.146499429432458,0.530177984021837,NA
"MTX","I87W","MYO5",0.613065503090784,0.814,"ns",-0.0895378844644747,0.0893755951107988,NA
"MTX","I87W","PEX13",0.513417485506826,0.385,"ns",-0.0476555975688004,0.414539270491499,NA
"MTX","I87W","PIN3",0.560694363792839,0.099,"ns",-0.13468661102885,1.00436480540245,NA
"MTX","I87W","RVS167",0.649105840290048,0.246,"ns",-0.0842391151901754,0.609064892896621,NA
"MTX","I87W","SDC25_17W",0.504501259222494,0.107,"ns",-0.120079816068523,0.97061622231479,NA
"MTX","I87W","SLA1",0.546435716364391,0.136,"ns",-0.167768240101413,0.866461091629782,NA
"MTX","I87W","YSC84",0.260042136875805,0.01,"**",-1.25284286897044,2,"I87W"
"MTX","K85W","ABP1",0.755413776706764,0.13,"ns",-0.121333725851309,0.886056647693163,NA
"MTX","K85W","BBC1",0.506274312243487,0.086,"ns",-0.275058282346683,1.06550154875643,NA
"MTX","K85W","BEM1",0.53458490542116,0.559,"ns",-0.135916748345591,0.252588192113577,NA
"MTX","K85W","BOI1",0.510863459276833,0.000332,"***",-0.207031496472897,3.47886191629596,"K85W"
"MTX","K85W","BOI2",0.529085922059158,0.194,"ns",-0.2139303985,0.712198270069774,NA
"MTX","K85W","BUD14",0.517460537146422,0.053,"ns",-0.235378271167911,1.27572413039921,NA
"MTX","K85W","BZZ1",0.518467145349384,0.351,"ns",-0.212093229885095,0.454692883534176,NA
"MTX","K85W","CDC25",0.486409299713438,0.178,"ns",-0.15499245328828,0.749579997691106,NA
"MTX","K85W","CYK3",0.503159695158463,0.14,"ns",-0.165764542919348,0.853871964321762,NA
"MTX","K85W","FUS1",0.516168209330551,0.081,"ns",-0.108758970213294,1.09151498112135,NA
"MTX","K85W","HOF1",0.494161030810446,0.343,"ns",-0.110348271505025,0.464705879957229,NA
"MTX","K85W","HSE1",0.565360506570874,0.179,"ns",-0.130616302826233,0.747146969020107,NA
"MTX","K85W","LSB1",0.573323466420236,0.096,"ns",-0.1490800057445,1.01772876696043,NA
"MTX","K85W","LSB3",0.600646278268576,0.197,"ns",-0.120422901943586,0.705533773838407,NA
"MTX","K85W","MYO3",0.593182838054048,0.02,"*",-0.15241781053705,1.69897000433602,"K85W"
"MTX","K85W","MYO5",0.58232240538993,0.332,"ns",-0.163760982760895,0.478861916295964,NA
"MTX","K85W","PEX13",0.484505385301724,0.177,"ns",-0.131275326959967,0.752026733638193,NA
"MTX","K85W","PIN3",0.550620710618914,0.054,"ns",-0.160842303296443,1.26760624017703,NA
"MTX","K85W","RVS167",0.597655703095531,0.012,"*",-0.203378234589532,1.92081875395238,"K85W"
"MTX","K85W","SDC25_17W",0.492627257548557,0.086,"ns",-0.154441230560578,1.06550154875643,NA
"MTX","K85W","SLA1",0.561278710980147,0.136,"ns",-0.129102685221364,0.866461091629782,NA
"MTX","K85W","YSC84",0.532049044320019,0.015,"*",-0.220029043926367,1.82390874094432,"K85W"
"MTX","K93R","ABP1",0.775185806699345,0.279,"ns",-0.0840586648271301,0.554395796726402,NA
"MTX","K93R","BBC1",0.671242395117435,0.452,"ns",0.131856270266467,0.344861565188618,NA
"MTX","K93R","BEM1",0.536417097120418,0.901,"ns",-0.130980629737376,0.045275209020937,NA
"MTX","K93R","BOI1",0.595623828567975,0.831,"ns",0.0144322279228736,0.080398976215889,NA
"MTX","K93R","BOI2",0.545427596299059,0.769,"ns",-0.170044733178056,0.114073660198569,NA
"MTX","K93R","BUD14",0.64638716073858,0.595,"ns",0.0855714275687725,0.22548303427145,NA
"MTX","K93R","BZZ1",0.580427810208135,0.768,"ns",-0.0492291546075206,0.114638779968488,NA
"MTX","K93R","CDC25",0.585715477450496,0.834,"ns",0.113036752587866,0.0788339493622613,NA
"MTX","K93R","CYK3",0.536389522419703,0.925,"ns",-0.073499848282324,0.0338582672609674,NA
"MTX","K93R","FUS1",0.593784025468707,0.866,"ns",0.0933380219612773,0.0624821079826534,NA
"MTX","K93R","HOF1",0.586633112765728,0.928,"ns",0.137128990207085,0.0324520237811379,NA
"MTX","K93R","HSE1",0.583403044240326,0.594,"ns",-0.0852944952714885,0.226213555018806,NA
"MTX","K93R","LSB1",0.58660448923296,0.197,"ns",-0.116041224272855,0.705533773838407,NA
"MTX","K93R","LSB3",0.598599761961059,0.07,"ns",-0.125346831971212,1.15490195998574,NA
"MTX","K93R","MYO3",0.643319193135588,0.908,"ns",-0.035359937451775,0.0419141514789149,NA
"MTX","K93R","MYO5",0.622547754515141,0.814,"ns",-0.0673946036602931,0.0893755951107988,NA
"MTX","K93R","PEX13",0.502628462997113,0.52,"ns",-0.0782956574130014,0.283996656365201,NA
"MTX","K93R","PIN3",0.568860047947328,0.213,"ns",-0.113827417106488,0.671620396561262,NA
"MTX","K93R","RVS167",0.637832997705053,0.088,"ns",-0.109514115959271,1.05551732784983,NA
"MTX","K93R","SDC25_17W",0.521308319791932,0.943,"ns",-0.0728008016041726,0.0254883072626717,NA
"MTX","K93R","SLA1",0.599416247026076,0.478,"ns",-0.0342618365936339,0.320572103387881,NA
"MTX","K93R","YSC84",0.579558187256497,0.24,"ns",-0.096634769391642,0.619788758288394,NA
"MTX","L95F","ABP1",0.832158550430631,0.81,"ns",0.018257609232437,0.0915149811213502,NA
"MTX","L95F","BBC1",0.609442933609313,0.839,"ns",-0.00748643024559784,0.0762380391712997,NA
"MTX","L95F","BEM1",0.603065708747487,0.766,"ns",0.0379793531921551,0.115771230367396,NA
"MTX","L95F","BOI1",0.577675830804445,0.556,"ns",-0.0297091082277677,0.254925208417942,NA
"MTX","L95F","BOI2",0.60790038845862,0.994,"ns",-0.0135974887732409,0.00261361560268669,NA
"MTX","L95F","BUD14",0.635311513601711,0.541,"ns",0.0606370506093729,0.266802734893431,NA
"MTX","L95F","BZZ1",0.599447760210098,0.856,"ns",-0.00271176668303065,0.0675262353228468,NA
"MTX","L95F","CDC25",0.539012318829365,0.672,"ns",-0.00684502002592065,0.172630726946175,NA
"MTX","L95F","CYK3",0.577159815337108,0.775,"ns",0.0321899510321313,0.11069829749369,NA
"MTX","L95F","FUS1",0.557329692729205,0.866,"ns",0.00193075844541461,0.0624821079826534,NA
"MTX","L95F","HOF1",0.528425946041853,0.928,"ns",-0.0136282112007374,0.0324520237811379,NA
"MTX","L95F","HSE1",0.618851295018597,0.921,"ns",-0.000194626530792512,0.0357403698031511,NA
"MTX","L95F","LSB1",0.653520677099255,0.301,"ns",0.0398035467335573,0.521433504406157,NA
"MTX","L95F","LSB3",0.648741046719034,0.969,"ns",-0.0092958141450125,0.0136762229492347,NA
"MTX","L95F","MYO3",0.66510035280156,0.928,"ns",0.0126773672732496,0.0324520237811379,NA
"MTX","L95F","MYO5",0.667625372440823,0.847,"ns",0.0334596723184118,0.0721165896692931,NA
"MTX","L95F","PEX13",0.514528002423947,0.978,"ns",-0.0445384325221077,0.00966114521239857,NA
"MTX","L95F","PIN3",0.63899059043617,0.482,"ns",0.0538935080202426,0.31695296176115,NA
"MTX","L95F","RVS167",0.699139503282858,0.841,"ns",0.0228875014896706,0.0752040042020878,NA
"MTX","L95F","SDC25_17W",0.530245492099,0.427,"ns",-0.0482772356507798,0.369572124974976,NA
"MTX","L95F","SLA1",0.636080753754965,0.796,"ns",0.0513899099046104,0.0990869322623309,NA
"MTX","L95F","YSC84",0.649927077435586,0.436,"ns",0.0686895716637131,0.360513510731414,NA
"MTX","L95M","ABP1",0.834334387535678,0.81,"ns",0.0220248873449755,0.0915149811213502,NA
"MTX","L95M","BBC1",0.608371372932948,0.706,"ns",-0.010025299537032,0.151195298948196,NA
"MTX","L95M","BEM1",0.569141391866968,0.901,"ns",-0.0455487444900778,0.045275209020937,NA
"MTX","L95M","BOI1",0.572708353241026,0.806,"ns",-0.0421685976556086,0.0936649581949093,NA
"MTX","L95M","BOI2",0.601376827531033,0.769,"ns",-0.0291631509277065,0.114073660198569,NA
"MTX","L95M","BUD14",0.613012298484092,0.598,"ns",0.00908890370835012,0.223298816011589,NA
"MTX","L95M","BZZ1",0.606864146166953,0.55,"ns",0.0150277880611884,0.259637310505756,NA
"MTX","L95M","CDC25",0.509293988435209,0.591,"ns",-0.0886645772158496,0.228412519118745,NA
"MTX","L95M","CYK3",0.564657443068794,0.925,"ns",0.00059499793891899,0.0338582672609674,NA
"MTX","L95M","FUS1",0.542596611670377,0.866,"ns",-0.0367202206462025,0.0624821079826534,NA
"MTX","L95M","HOF1",0.563950174286254,0.928,"ns",0.0802381875700472,0.0324520237811379,NA
"MTX","L95M","HSE1",0.599683193323034,0.431,"ns",-0.0455868691114614,0.365522729839268,NA
"MTX","L95M","LSB1",0.658050495473988,0.343,"ns",0.0497689571154779,0.464705879957229,NA
"MTX","L95M","LSB3",0.646448708201307,0.969,"ns",-0.0144026316630076,0.0136762229492347,NA
"MTX","L95M","MYO3",0.666261204739847,0.982,"ns",0.0151932214369871,0.00788851221305034,NA
"MTX","L95M","MYO5",0.649667722839945,0.847,"ns",-0.00587708144760227,0.0721165896692931,NA
"MTX","L95M","PEX13",0.525652823496813,0.864,"ns",-0.0136777671783673,0.0634862575211067,NA
"MTX","L95M","PIN3",0.622288229627239,0.984,"ns",0.0156817797324063,0.00700490156865849,NA
"MTX","L95M","RVS167",0.689117004246689,0.878,"ns",0.00205610498748932,0.0565054840938974,NA
"MTX","L95M","SDC25_17W",0.552250864247397,0.777,"ns",0.0103860849989094,0.109578981199086,NA
"MTX","L95M","SLA1",0.650766413885737,0.459,"ns",0.0843197704484614,0.338187314462739,NA
"MTX","L95M","YSC84",0.628164075200788,0.614,"ns",0.0195531538822635,0.211831628858832,NA
"MTX","L95V","ABP1",0.83764398049747,0.675,"ns",0.0277363722311194,0.170696227168975,NA
"MTX","L95V","BEM1",0.615750243658778,0.625,"ns",0.0680094431557437,0.204119982655925,NA
"MTX","L95V","BOI1",0.593648935273814,0.931,"ns",0.00964077642862538,0.0310503190186574,NA
"MTX","L95V","BOI2",0.626815601549919,0.994,"ns",0.0306086597246093,0.00261361560268669,NA
"MTX","L95V","BUD14",0.644390108675921,0.317,"ns",0.0811072345985955,0.498940737782249,NA
"MTX","L95V","BZZ1",0.623302082621007,0.403,"ns",0.0535857332521556,0.394694953858891,NA
"MTX","L95V","CDC25",0.52043759915722,0.922,"ns",-0.057438071660073,0.0352690789463706,NA
"MTX","L95V","CYK3",0.573433933308668,0.775,"ns",0.022846374603866,0.11069829749369,NA
"MTX","L95V","FUS1",0.579184584041451,0.866,"ns",0.0574229440515502,0.0624821079826534,NA
"MTX","L95V","HOF1",0.57155457487731,0.928,"ns",0.0995617439781478,0.0324520237811379,NA
"MTX","L95V","HSE1",0.637360511744129,0.431,"ns",0.0423222287714333,0.365522729839268,NA
"MTX","L95V","LSB1",0.665122894052267,0.064,"ns",0.0651915942479432,1.19382002601611,NA
"MTX","L95V","LSB3",0.645130351968595,0.969,"ns",-0.0173478430221403,0.0136762229492347,NA
"MTX","L95V","MYO3",0.663707841454924,0.921,"ns",0.00965365029399193,0.0357403698031511,NA
"MTX","L95V","MYO5",0.682554581506803,0.835,"ns",0.0653653063112365,0.0783135245163979,NA
"MTX","L95V","PEX13",0.575593967109164,0.258,"ns",0.117263442726605,0.58838029403677,NA
"MTX","L95V","PIN3",0.633756695736343,0.482,"ns",0.0420279058310527,0.31695296176115,NA
"MTX","L95V","RVS167",0.708457798420874,0.587,"ns",0.0419890649239275,0.231361898752386,NA
"MTX","L95V","SDC25_17W",0.575375829427942,0.295,"ns",0.0695669308196465,0.530177984021837,NA
"MTX","L95V","SLA1",0.665782212665987,0.378,"ns",0.11723030245,0.422508200162775,NA
"MTX","L95V","YSC84",0.648529268105873,0.346,"ns",0.0655834012113618,0.460923901207223,NA
"MTX","L98F","ABP1",0.80525862937743,0.81,"ns",-0.0291486047140456,0.0915149811213502,NA
"MTX","L98F","BBC1",0.595384232569136,0.432,"ns",-0.0411565523172371,0.364516253185088,NA
"MTX","L98F","BEM1",0.599335525655333,0.658,"ns",0.0290280418346458,0.181774106386044,NA
"MTX","L98F","BOI1",0.607433778258993,0.275,"ns",0.0427578926063326,0.560667306169737,NA
"MTX","L98F","BOI2",0.623573702525943,0.769,"ns",0.0231276582321172,0.114073660198569,NA
"MTX","L98F","BUD14",0.628380380800707,0.447,"ns",0.0448110233336625,0.349692476868064,NA
"MTX","L98F","BZZ1",0.622483848559357,0.383,"ns",0.0516906044612002,0.416801226031377,NA
"MTX","L98F","CDC25",0.581052061370578,0.064,"ns",0.101504167296471,1.19382002601611,NA
"MTX","L98F","CYK3",0.604787786785234,0.14,"ns",0.0996481008844031,0.853871964321762,NA
"MTX","L98F","FUS1",0.593586365281648,0.286,"ns",0.092857694379408,0.543633966870957,NA
"MTX","L98F","HOF1",0.595725920309339,0.928,"ns",0.159319216026904,0.0324520237811379,NA
"MTX","L98F","HSE1",0.649079003355761,0.378,"ns",0.0686066784886254,0.422508200162775,NA
"MTX","L98F","LSB1",0.655084667355092,0.301,"ns",0.0432520456564574,0.521433504406157,NA
"MTX","L98F","LSB3",0.663543688810694,0.733,"ns",0.023252921037508,0.134896025358872,NA
"MTX","L98F","MYO3",0.673923853731595,0.982,"ns",0.0316909224042594,0.00788851221305034,NA
"MTX","L98F","MYO5",0.663113217609297,0.858,"ns",0.0236761004056523,0.0665127121512946,NA
"MTX","L98F","PEX13",0.584936053691561,0.177,"ns",0.140490886866478,0.752026733638193,NA
"MTX","L98F","PIN3",0.658234799627969,0.213,"ns",0.0967011223756186,0.671620396561262,NA
"MTX","L98F","RVS167",0.693952809523285,0.841,"ns",0.0121447073872333,0.0752040042020878,NA
"MTX","L98F","SDC25_17W",0.599425084998012,0.039,"*",0.128641773300264,1.4089353929735,"L98F"
"MTX","L98F","SLA1",0.66182084363931,0.357,"ns",0.108620704296525,0.447331783887807,NA
"MTX","L98F","YSC84",0.621247842669748,0.722,"ns",0.00358065329812535,0.141462802430361,NA
"MTX","L98P","ABP1",0.838454407601814,0.647,"ns",0.0291315161723795,0.1890957193313,NA
"MTX","L98P","BEM1",0.623154724755576,0.559,"ns",0.0852545678847372,0.252588192113577,NA
"MTX","L98P","BOI1",0.619902019145992,0.165,"ns",0.0720709594309946,0.782516055786094,NA
"MTX","L98P","BOI2",0.61413763669225,0.994,"ns",0.00112959017125767,0.00261361560268669,NA
"MTX","L98P","BUD14",0.620933490913281,0.595,"ns",0.0276116331725353,0.22548303427145,NA
"MTX","L98P","BZZ1",0.619917463667425,0.403,"ns",0.0457303467146105,0.394694953858891,NA
"MTX","L98P","CDC25",0.584279442399521,0.064,"ns",0.109495264241569,1.19382002601611,NA
"MTX","L98P","CYK3",0.598236305321565,0.14,"ns",0.0839345614470551,0.853871964321762,NA
"MTX","L98P","FUS1",0.595581556337664,0.219,"ns",0.0976988188174086,0.659555885159882,NA
"MTX","L98P","HOF1",0.607614877311161,0.837,"ns",0.187827677583884,0.07727454200674,NA
"MTX","L98P","HSE1",0.641305823370311,0.431,"ns",0.0512250979943922,0.365522729839268,NA
"MTX","L98P","LSB1",0.673106554438605,0.146,"ns",0.0824055688915975,0.835647144215563,NA
"MTX","L98P","LSB3",0.682016813146699,0.07,"ns",0.0628687680444861,1.15490195998574,NA
"MTX","L98P","MYO3",0.678369222660982,0.908,"ns",0.0411760479627425,0.0419141514789149,NA
"MTX","L98P","MYO5",0.679093478684994,0.835,"ns",0.058031066610126,0.0783135245163979,NA
"MTX","L98P","PEX13",0.599162052302281,0.177,"ns",0.17515822583816,0.752026733638193,NA
"MTX","L98P","PIN3",0.654782451784773,0.213,"ns",0.0891144793437415,0.671620396561262,NA
"MTX","L98P","RVS167",0.703912920579655,0.587,"ns",0.0327041154883687,0.231361898752386,NA
"MTX","L98P","SDC25_17W",0.604013220409598,0.086,"ns",0.139642440716103,1.06550154875643,NA
"MTX","L98P","SLA1",0.67893758838652,0.136,"ns",0.145458935377801,0.866461091629782,NA
"MTX","L98P","YSC84",0.623205851098995,0.579,"ns",0.00812049499095076,0.237321436272564,NA
"MTX","L98V","ABP1",0.805077202512937,0.6,"ns",-0.0294736842826833,0.221848749616356,NA
"MTX","L98V","BBC1",0.524756020530156,0.414,"ns",-0.223330754156264,0.382999658879101,NA
"MTX","L98V","BEM1",0.589673820564527,0.658,"ns",0.00558129455794532,0.181774106386044,NA
"MTX","L98V","BOI1",0.59461598677308,0.296,"ns",0.0119890081813394,0.528708288941061,NA
"MTX","L98V","BOI2",0.619633849140406,0.994,"ns",0.0139835278538681,0.00261361560268669,NA
"MTX","L98V","BUD14",0.608703235886031,0.755,"ns",-0.00108807914098224,0.122053048370812,NA
"MTX","L98V","BZZ1",0.614997025695829,0.403,"ns",0.0342336332372557,0.394694953858891,NA
"MTX","L98V","CDC25",0.59092973211894,0.113,"ns",0.125823323312611,0.94692155651658,NA
"MTX","L98V","CYK3",0.615816915169867,0.135,"ns",0.125720590790984,0.869666231504994,NA
"MTX","L98V","FUS1",0.587603103105249,0.328,"ns",0.0782417555624654,0.484126156288321,NA
"MTX","L98V","HOF1",0.588765519790783,0.928,"ns",0.142363667754175,0.0324520237811379,NA
"MTX","L98V","HSE1",0.650792604724799,0.28,"ns",0.0724104474361643,0.552841968657781,NA
"MTX","L98V","LSB1",0.652513778732281,0.223,"ns",0.0375790302791352,0.651695136951839,NA
"MTX","L98V","LSB3",0.669839189331679,0.281,"ns",0.0368762471211642,0.55129368009492,NA
"MTX","L98V","MYO3",0.677183083601288,0.982,"ns",0.038651265454439,0.00788851221305034,NA
"MTX","L98V","MYO5",0.666919431442092,0.835,"ns",0.031933372609239,0.0783135245163979,NA
"MTX","L98V","PEX13",0.580879087579507,0.177,"ns",0.130449863533857,0.752026733638193,NA
"MTX","L98V","PIN3",0.647460574738381,0.213,"ns",0.0728911680226046,0.671620396561262,NA
"MTX","L98V","RVS167",0.693934867311945,0.878,"ns",0.0121074058969817,0.0565054840938974,NA
"MTX","L98V","SDC25_17W",0.588327728715167,0.23,"ns",0.101682347769264,0.638272163982407,NA
"MTX","L98V","SLA1",0.654444685710567,0.396,"ns",0.0924512345016161,0.402304814074488,NA
"MTX","L98V","YSC84",0.612016650558888,0.758,"ns",-0.0180173800245141,0.120330794367946,NA
"MTX","N92H","ABP1",0.806524017596071,0.6,"ns",-0.0268833244836995,0.221848749616356,NA
"MTX","N92H","BBC1",0.358210602993929,0.067,"ns",-0.774169526252429,1.17392519729917,NA
"MTX","N92H","BEM1",0.544543705923114,0.658,"ns",-0.109288003925325,0.181774106386044,NA
"MTX","N92H","BOI1",0.582653453715372,0.924,"ns",-0.0173311806232463,0.0343280287798933,NA
"MTX","N92H","BOI2",0.599733962700956,0.802,"ns",-0.0331097550886909,0.0958256317158365,NA
"MTX","N92H","BUD14",0.582829875177081,0.712,"ns",-0.0637522842338199,0.147520006363144,NA
"MTX","N92H","BZZ1",0.576532447216092,0.639,"ns",-0.0589439949757218,0.1944991418416,NA
"MTX","N92H","CDC25",0.55794009337862,0.922,"ns",0.0429469612884086,0.0352690789463706,NA
"MTX","N92H","CYK3",0.557429666458556,0.925,"ns",-0.0179911200256856,0.0338582672609674,NA
"MTX","N92H","FUS1",0.563765548648428,0.866,"ns",0.0184950592734169,0.0624821079826534,NA
"MTX","N92H","HOF1",0.58317881972498,0.928,"ns",0.128608807114971,0.0324520237811379,NA
"MTX","N92H","HSE1",0.61483025567272,0.988,"ns",-0.0095992481096981,0.00524305541237188,NA
"MTX","N92H","LSB1",0.615834813032565,0.452,"ns",-0.0458859112469017,0.344861565188618,NA
"MTX","N92H","LSB3",0.618674625986818,0.216,"ns",-0.0777576719172545,0.665546248849069,NA
"MTX","N92H","MYO3",0.644557987515253,0.362,"ns",-0.0325845127664612,0.441291429466834,NA
"MTX","N92H","MYO5",0.632810731441,0.835,"ns",-0.0438050458395315,0.0783135245163979,NA
"MTX","N92H","PEX13",0.515566469556503,0.674,"ns",-0.0416295888566671,0.17134010346468,NA
"MTX","N92H","PIN3",0.605105937695382,0.709,"ns",-0.0247134372498424,0.149353764816933,NA
"MTX","N92H","RVS167",0.669760913362074,0.502,"ns",-0.0390466678542299,0.299296282854981,NA
"MTX","N92H","SDC25_17W",0.548083072448637,0.777,"ns",-0.000543108611937143,0.109578981199086,NA
"MTX","N92H","SLA1",0.616542599928725,0.892,"ns",0.00638055603350971,0.0496351456238769,NA
"MTX","N92H","YSC84",0.341143968893175,0.005,"**",-0.861207572494452,2.30102999566398,"N92H"
"MTX","N92K","ABP1",0.851774104536825,0.279,"ns",0.0518700493037411,0.554395796726402,NA
"MTX","N92K","BBC1",0.587677492798968,0.497,"ns",-0.0599529215769721,0.303643611266668,NA
"MTX","N92K","BEM1",0.605658837453533,0.625,"ns",0.0441695140122214,0.204119982655925,NA
"MTX","N92K","BOI1",0.607944851333697,0.811,"ns",0.0439712143085804,0.0909791457888439,NA
"MTX","N92K","BOI2",0.59434449994895,0.994,"ns",-0.0461330265537107,0.00261361560268669,NA
"MTX","N92K","BUD14",0.62484875181421,0.391,"ns",0.0366799051213365,0.407823242604133,NA
"MTX","N92K","BZZ1",0.611915856492639,0.533,"ns",0.0269874840786601,0.273272790973428,NA
"MTX","N92K","CDC25",0.541183235965381,0.503,"ns",-0.00104611520878177,0.298432014944073,NA
"MTX","N92K","CYK3",0.586374470681151,0.636,"ns",0.0550413885299326,0.196542884351586,NA
"MTX","N92K","FUS1",0.574164964017435,0.866,"ns",0.0448650397241562,0.0624821079826534,NA
"MTX","N92K","HOF1",0.594134904912636,0.928,"ns",0.15546103136843,0.0324520237811379,NA
"MTX","N92K","HSE1",0.637021682401598,0.44,"ns",0.0415550689257597,0.356547323513813,NA
"MTX","N92K","LSB1",0.6472166658982,0.434,"ns",0.0258194215682215,0.362510270487489,NA
"MTX","N92K","LSB3",0.674597378176379,0.447,"ns",0.0470881742249013,0.349692476868064,NA
"MTX","N92K","MYO3",0.673566472527896,0.928,"ns",0.0309256596156137,0.0324520237811379,NA
"MTX","N92K","MYO5",0.646375283063323,0.835,"ns",-0.0132070801198853,0.0783135245163979,NA
"MTX","N92K","PEX13",0.567193265039982,0.43,"ns",0.0960523735282034,0.366531544420413,NA
"MTX","N92K","PIN3",0.636171704367083,0.462,"ns",0.0475150264829144,0.335358024443874,NA
"MTX","N92K","RVS167",0.690862708828722,0.989,"ns",0.00570618862703855,0.0048037084028206,NA
"MTX","N92K","SDC25_17W",0.568482406654133,0.777,"ns",0.0521780150679096,0.109578981199086,NA
"MTX","N92K","SLA1",0.640317339824759,0.478,"ns",0.0609670538843344,0.320572103387881,NA
"MTX","N92K","YSC84",0.643396241705951,0.399,"ns",0.0541192252302961,0.399027104313252,NA
"MTX","N92S","ABP1",0.808355331791826,0.782,"ns",-0.0236112174472349,0.106793246940152,NA
"MTX","N92S","BBC1",0.384664750288664,0.377,"ns",-0.671375937078248,0.423658649794207,NA
"MTX","N92S","BEM1",0.593679100704647,0.766,"ns",0.0153474763246937,0.115771230367396,NA
"MTX","N92S","BOI1",0.605334893156624,0.296,"ns",0.0377642706186702,0.528708288941061,NA
"MTX","N92S","BOI2",0.614024521856423,0.994,"ns",0.000863843157275797,0.00261361560268669,NA
"MTX","N92S","BUD14",0.612286483895375,0.755,"ns",0.00737972184139812,0.122053048370812,NA
"MTX","N92S","BZZ1",0.615742720495643,0.55,"ns",0.0359818668905231,0.259637310505756,NA
"MTX","N92S","CDC25",0.581183564467647,0.074,"ns",0.101830639592785,1.13076828026902,NA
"MTX","N92S","CYK3",0.602447355075387,0.14,"ns",0.0940542719202997,0.853871964321762,NA
"MTX","N92S","FUS1",0.572967049636703,0.845,"ns",0.0418519152639725,0.0731432910503077,NA
"MTX","N92S","HOF1",0.575209888826882,0.928,"ns",0.108758961601912,0.0324520237811379,NA
"MTX","N92S","HSE1",0.643467349217957,0.44,"ns",0.0560795355401867,0.356547323513813,NA
"MTX","N92S","LSB1",0.635119341913732,0.903,"ns",-0.0014016296830715,0.0443122496864942,NA
"MTX","N92S","LSB3",0.638970374663296,0.733,"ns",-0.0311894937537936,0.134896025358872,NA
"MTX","N92S","MYO3",0.654114591844408,0.396,"ns",-0.0113512708143894,0.402304814074488,NA
"MTX","N92S","MYO5",0.651598220228108,0.835,"ns",-0.0015964483203383,0.0783135245163979,NA
"MTX","N92S","PEX13",0.544037770095503,0.864,"ns",0.0359187864632187,0.0634862575211067,NA
"MTX","N92S","PIN3",0.629773370195088,0.641,"ns",0.0329315761154418,0.193141970481183,NA
"MTX","N92S","RVS167",0.678306886479074,0.841,"ns",-0.0207547122055364,0.0752040042020878,NA
"MTX","N92S","SDC25_17W",0.555378208897792,0.97,"ns",0.0185328856146892,0.0132282657337552,NA
"MTX","N92S","SLA1",0.636777107753228,0.629,"ns",0.0529684468184387,0.201349354554731,NA
"MTX","N92S","YSC84",0.373126006462023,0.012,"*",-0.731925365640445,1.92081875395238,"N92S"
"MTX","P84Y","ABP1",0.763599557034519,0.13,"ns",-0.105784554897761,0.886056647693163,NA
"MTX","P84Y","BBC1",0.548930333556841,0.377,"ns",-0.158354503853759,0.423658649794207,NA
"MTX","P84Y","BEM1",0.572360413707777,0.991,"ns",-0.0374119563851136,0.00392634551472468,NA
"MTX","P84Y","BOI1",0.536450169835801,0.302,"ns",-0.136525076584703,0.519993057042849,NA
"MTX","P84Y","BOI2",0.593671989808407,0.769,"ns",-0.0477663829199033,0.114073660198569,NA
"MTX","P84Y","BUD14",0.602906799405504,0.916,"ns",-0.0148921146328112,0.0381045263321496,NA
"MTX","P84Y","BZZ1",0.584381782559555,0.651,"ns",-0.0394345954815087,0.186419011431808,NA
"MTX","P84Y","CDC25",0.539128107465081,0.981,"ns",-0.00653513888779356,0.0083309926200515,NA
"MTX","P84Y","CYK3",0.545418979909764,0.925,"ns",-0.0494159997345455,0.0338582672609674,NA
"MTX","P84Y","FUS1",0.542146823341911,0.328,"ns",-0.0379166462841419,0.484126156288321,NA
"MTX","P84Y","HOF1",0.512152655339476,0.837,"ns",-0.0587556239514316,0.07727454200674,NA
"MTX","P84Y","HSE1",0.574624739404793,0.663,"ns",-0.107167302844098,0.178486471595227,NA
"MTX","P84Y","LSB1",0.591778440772089,0.279,"ns",-0.103372197922708,0.554395796726402,NA
"MTX","P84Y","LSB3",0.621387868409888,0.23,"ns",-0.0714444616514337,0.638272163982407,NA
"MTX","P84Y","MYO3",0.643225385053346,0.307,"ns",-0.0355703249619791,0.512861624522813,NA
"MTX","P84Y","MYO5",0.627511148270872,0.835,"ns",-0.0559380216203988,0.0783135245163979,NA
"MTX","P84Y","PEX13",0.515557943724678,0.444,"ns",-0.0416534466475115,0.35261702988538,NA
"MTX","P84Y","PIN3",0.612599797461971,0.709,"ns",-0.00695628870658318,0.149353764816933,NA
"MTX","P84Y","RVS167",0.650399025461579,0.77,"ns",-0.0813677562611778,0.113509274827518,NA
"MTX","P84Y","SDC25_17W",0.512706935243753,0.602,"ns",-0.0968032735345563,0.220403508742175,NA
"MTX","P84Y","SLA1",0.591698397241649,0.396,"ns",-0.0529580376555676,0.402304814074488,NA
"MTX","P84Y","YSC84",0.592759349519222,0.346,"ns",-0.0641417701820249,0.460923901207223,NA
"MTX","P94A","ABP1",0.819375404798513,0.982,"ns",-0.00407623265628797,0.00788851221305034,NA
"MTX","P94A","BBC1",0.609153363093677,0.989,"ns",-0.00817207479562568,0.0048037084028206,NA
"MTX","P94A","BEM1",0.56621940712687,0.901,"ns",-0.0529746521047717,0.045275209020937,NA
"MTX","P94A","BOI1",0.588325734120589,0.556,"ns",-0.00335410075004994,0.254925208417942,NA
"MTX","P94A","BOI2",0.599974235662488,0.994,"ns",-0.032531880210167,0.00261361560268669,NA
"MTX","P94A","BUD14",0.611777244395885,0.598,"ns",0.00617933116574222,0.223298816011589,NA
"MTX","P94A","BZZ1",0.606860691493984,0.417,"ns",0.0150195752613746,0.379863945026242,NA
"MTX","P94A","CDC25",0.539361161054374,0.922,"ns",-0.00591162732846249,0.0352690789463706,NA
"MTX","P94A","CYK3",0.589110752572642,0.266,"ns",0.0617579807379052,0.575118363368933,NA
"MTX","P94A","FUS1",0.550825301964986,0.904,"ns",-0.0150054284784572,0.0438315695246367,NA
"MTX","P94A","HOF1",0.548306876917488,0.928,"ns",0.0396540514215367,0.0324520237811379,NA
"MTX","P94A","HSE1",0.622800228578527,0.921,"ns",0.00898206429436853,0.0357403698031511,NA
"MTX","P94A","LSB1",0.63801281490377,0.903,"ns",0.00515606552339071,0.0443122496864942,NA
"MTX","P94A","LSB3",0.655591519184078,0.969,"ns",0.00585865456431024,0.0136762229492347,NA
"MTX","P94A","MYO3",0.678231435848854,0.953,"ns",0.0408829855202415,0.0209070993616736,NA
"MTX","P94A","MYO5",0.672967799665345,0.835,"ns",0.0449583644276876,0.0783135245163979,NA
"MTX","P94A","PEX13",0.530633675302103,0.978,"ns",-7.17929133986818e-05,0.00966114521239857,NA
"MTX","P94A","PIN3",0.648833248953983,0.341,"ns",0.07594657257304,0.467245621007502,NA
"MTX","P94A","RVS167",0.675809431057036,0.841,"ns",-0.0260763682419674,0.0752040042020878,NA
"MTX","P94A","SDC25_17W",0.538496609764677,0.728,"ns",-0.0260004243719144,0.137868620686963,NA
"MTX","P94A","SLA1",0.64038982639455,0.552,"ns",0.0611303636832321,0.258060922270801,NA
"MTX","P94A","YSC84",0.651883410536013,0.24,"ns",0.0730256777452628,0.619788758288394,NA
"MTX","P94A+P97A","ABP1",0.829119242601403,0.982,"ns",0.0129787820026554,0.00788851221305034,NA
"MTX","P94A+P97A","BBC1",0.629020323474259,0.675,"ns",0.0381290631182278,0.170696227168975,NA
"MTX","P94A+P97A","BEM1",0.603051684900469,0.658,"ns",0.0379458039959413,0.181774106386044,NA
"MTX","P94A+P97A","BOI1",0.605202102358176,0.374,"ns",0.0374477555053359,0.42712839779952,NA
"MTX","P94A+P97A","BOI2",0.622912120554671,0.769,"ns",0.0215962150322865,0.114073660198569,NA
"MTX","P94A+P97A","BUD14",0.630362143870865,0.391,"ns",0.0493537825712301,0.407823242604133,NA
"MTX","P94A+P97A","BZZ1",0.608169421878381,0.617,"ns",0.0181274810570093,0.209714835966758,NA
"MTX","P94A+P97A","CDC25",0.586806225967511,0.503,"ns",0.115720912592229,0.298432014944073,NA
"MTX","P94A+P97A","CYK3",0.592642734912626,0.173,"ns",0.0703817565640373,0.761953896871205,NA
"MTX","P94A+P97A","FUS1",0.563072501415558,0.95,"ns",0.0167204370338167,0.0222763947111523,NA
"MTX","P94A+P97A","HOF1",0.59931704078203,0.928,"ns",0.167989878857652,0.0324520237811379,NA
"MTX","P94A+P97A","HSE1",0.628112796066687,0.921,"ns",0.0212362509549102,0.0357403698031511,NA
"MTX","P94A+P97A","LSB1",0.657102328103392,0.126,"ns",0.0476887173502246,0.899629454882437,NA
"MTX","P94A+P97A","LSB3",0.662717206561299,0.283,"ns",0.0214548404319613,0.54821356447571,NA
"MTX","P94A+P97A","MYO3",0.698508860088227,0.796,"ns",0.083383746382674,0.0990869322623309,NA
"MTX","P94A+P97A","MYO5",0.679826696245945,0.835,"ns",0.0595879048427804,0.0783135245163979,NA
"MTX","P94A+P97A","PEX13",0.593479916289261,0.292,"ns",0.161411180723959,0.534617148551582,NA
"MTX","P94A+P97A","PIN3",0.652697231837516,0.213,"ns",0.0845127420237101,0.671620396561262,NA
"MTX","P94A+P97A","RVS167",0.708451455962949,0.587,"ns",0.0419761491601734,0.231361898752386,NA
"MTX","P94A+P97A","SDC25_17W",0.576133371290381,0.493,"ns",0.0714651389194015,0.30715308072277,NA
"MTX","P94A+P97A","SLA1",0.650349476359925,0.357,"ns",0.0833951583890013,0.447331783887807,NA
"MTX","P94A+P97A","YSC84",0.639305969289888,0.399,"ns",0.0449182810339295,0.399027104313252,NA
"MTX","P94R","ABP1",0.816057593489772,0.747,"ns",-0.00992984633949737,0.126679398184601,NA
"MTX","P94R","BBC1",0.567492181114656,0.469,"ns",-0.110377052676803,0.328827157284917,NA
"MTX","P94R","BEM1",0.545640284654985,0.658,"ns",-0.106385687902278,0.181774106386044,NA
"MTX","P94R","BOI1",0.535276713785711,0.077,"ns",-0.139684351445803,1.11350927482752,NA
"MTX","P94R","BOI2",0.576107347079717,0.769,"ns",-0.0910947728835525,0.114073660198569,NA
"MTX","P94R","BUD14",0.597287932635719,0.916,"ns",-0.0284005399446719,0.0381045263321496,NA
"MTX","P94R","BZZ1",0.562858641720675,0.447,"ns",-0.093573155600403,0.349692476868064,NA
"MTX","P94R","CDC25",0.506055437462438,0.503,"ns",-0.0978678271579071,0.298432014944073,NA
"MTX","P94R","CYK3",0.523028626919292,0.636,"ns",-0.109890993231654,0.196542884351586,NA
"MTX","P94R","FUS1",0.557623247692676,0.772,"ns",0.00269045023949926,0.112382699664264,NA
"MTX","P94R","HOF1",0.534980084530146,0.837,"ns",0.00415566918914559,0.07727454200674,NA
"MTX","P94R","HSE1",0.601880336229608,0.44,"ns",-0.0403107257692053,0.356547323513813,NA
"MTX","P94R","LSB1",0.617370947918849,0.452,"ns",-0.0422917416460457,0.344861565188618,NA
"MTX","P94R","LSB3",0.642591387977353,0.818,"ns",-0.0230368911947428,0.087246696328677,NA
"MTX","P94R","MYO3",0.634576596245884,0.273,"ns",-0.0551003545794864,0.563837352959244,NA
"MTX","P94R","MYO5",0.631400825442673,0.835,"ns",-0.0470229649040037,0.0783135245163979,NA
"MTX","P94R","PEX13",0.521589673463801,0.674,"ns",-0.0248727212292902,0.17134010346468,NA
"MTX","P94R","PIN3",0.611097433251726,0.857,"ns",-0.0104987572688011,0.0670191780768018,NA
"MTX","P94R","RVS167",0.664780911963925,0.587,"ns",-0.0498138937788727,0.231361898752386,NA
"MTX","P94R","SDC25_17W",0.537562411060588,0.519,"ns",-0.0285054248414437,0.284832642151542,NA
"MTX","P94R","SLA1",0.632069535340622,0.994,"ns",0.0422632562840792,0.00261361560268669,NA
"MTX","P94R","YSC84",0.622538729962812,0.859,"ns",0.00657531075097172,0.0660068361687577,NA
"MTX","P94S","ABP1",0.819574386235937,0.854,"ns",-0.00372592353030873,0.0685421293109949,NA
"MTX","P94S","BBC1",0.578223935994328,0.432,"ns",-0.0833492363742499,0.364516253185088,NA
"MTX","P94S","BEM1",0.585139292107143,0.658,"ns",-0.00555575206700758,0.181774106386044,NA
"MTX","P94S","BOI1",0.595209501163873,0.831,"ns",0.0134283122607932,0.080398976215889,NA
"MTX","P94S","BOI2",0.586827700037057,0.769,"ns",-0.0644954572895279,0.114073660198569,NA
"MTX","P94S","BUD14",0.620767869731927,0.598,"ns",0.0272267727447453,0.223298816011589,NA
"MTX","P94S","BZZ1",0.597633904514799,0.788,"ns",-0.00708380360632887,0.103473782510445,NA
"MTX","P94S","CDC25",0.513722784470993,0.922,"ns",-0.0761732043207016,0.0352690789463706,NA
"MTX","P94S","CYK3",0.574844547778436,0.815,"ns",0.0263909634076921,0.0888423912600234,NA
"MTX","P94S","FUS1",0.53338929726709,0.328,"ns",-0.0614113824037373,0.484126156288321,NA
"MTX","P94S","HOF1",0.508605835310318,0.837,"ns",-0.0687815023688149,0.07727454200674,NA
"MTX","P94S","HSE1",0.59728130455732,0.478,"ns",-0.0513768447844977,0.320572103387881,NA
"MTX","P94S","LSB1",0.615245851251979,0.878,"ns",-0.0472663119462225,0.0565054840938974,NA
"MTX","P94S","LSB3",0.635420122346799,0.818,"ns",-0.0392277593769272,0.087246696328677,NA
"MTX","P94S","MYO3",0.631642914237772,0.342,"ns",-0.0617854767447074,0.465973893943865,NA
"MTX","P94S","MYO5",0.640212691226112,0.835,"ns",-0.0270278352555201,0.0783135245163979,NA
"MTX","P94S","PEX13",0.527767120061307,0.978,"ns",-0.00788655488337998,0.00966114521239857,NA
"MTX","P94S","PIN3",0.615740297626612,0.741,"ns",0.000420811338853198,0.130181792020672,NA
"MTX","P94S","RVS167",0.677499645221777,0.587,"ns",-0.0224726609970327,0.231361898752386,NA
"MTX","P94S","SDC25_17W",0.539058243763684,0.295,"ns",-0.0244965256963515,0.530177984021837,NA
"MTX","P94S","SLA1",0.617377792131655,0.892,"ns",0.00833356344163536,0.0496351456238769,NA
"MTX","P94S","YSC84",0.6111362251475,0.758,"ns",-0.0200942840967289,0.120330794367946,NA
"MTX","P97A","ABP1",0.841281279611633,0.581,"ns",0.0339874207186752,0.235823867609669,NA
"MTX","P97A","BBC1",0.638387248762921,0.556,"ns",0.0594542674327616,0.254925208417942,NA
"MTX","P97A","BEM1",0.643445357890227,0.559,"ns",0.131481787890114,0.252588192113577,NA
"MTX","P97A","BOI1",0.605373871658917,0.296,"ns",0.0378571651175174,0.528708288941061,NA
"MTX","P97A","BOI2",0.64631907648444,0.769,"ns",0.0748141447651127,0.114073660198569,NA
"MTX","P97A","BUD14",0.639930748878885,0.305,"ns",0.0710886756367456,0.515700160653214,NA
"MTX","P97A","BZZ1",0.633966464103252,0.351,"ns",0.0780607259906047,0.454692883534176,NA
"MTX","P97A","CDC25",0.605569241582432,0.064,"ns",0.16112866361675,1.19382002601611,NA
"MTX","P97A","CYK3",0.619619054110461,0.14,"ns",0.134600604727474,0.853871964321762,NA
"MTX","P97A","FUS1",0.612761914534883,0.117,"ns",0.13872637195018,0.931814138253838,NA
"MTX","P97A","HOF1",0.613139952665256,0.837,"ns",0.200886898068454,0.07727454200674,NA
"MTX","P97A","HSE1",0.664613839746816,0.179,"ns",0.102728926034509,0.747146969020107,NA
"MTX","P97A","LSB1",0.681559681204208,0.064,"ns",0.100410656835695,1.19382002601611,NA
"MTX","P97A","LSB3",0.692455560453073,0.041,"*",0.084782949548869,1.38721614328026,"P97A"
"MTX","P97A","MYO3",0.673711905655731,0.908,"ns",0.0312371255405801,0.0419141514789149,NA
"MTX","P97A","MYO5",0.678640621354758,0.835,"ns",0.0570686763324283,0.0783135245163979,NA
"MTX","P97A","PEX13",0.607799928419685,0.177,"ns",0.195808476637318,0.752026733638193,NA
"MTX","P97A","PIN3",0.685155454144714,0.054,"ns",0.154530177996945,1.26760624017703,NA
"MTX","P97A","RVS167",0.699817620850864,0.587,"ns",0.0242861389636129,0.231361898752386,NA
"MTX","P97A","SDC25_17W",0.610565997350036,0.008,"**",0.155209561217233,2.09691001300806,"P97A"
"MTX","P97A","SLA1",0.673351596001034,0.136,"ns",0.133539991643892,0.866461091629782,NA
"MTX","P97A","YSC84",0.63961242069859,0.355,"ns",0.0456096714143158,0.449771646944906,NA
"MTX","P97S","ABP1",0.854907034382507,0.6,"ns",0.0571667240318786,0.221848749616356,NA
"MTX","P97S","BBC1",0.616158724452473,0.989,"ns",0.00832447381940644,0.0048037084028206,NA
"MTX","P97S","BEM1",0.58894601642978,0.658,"ns",0.00379955032381613,0.181774106386044,NA
"MTX","P97S","BOI1",0.588326924095603,0.831,"ns",-0.00335118269085764,0.080398976215889,NA
"MTX","P97S","BOI2",0.610996894835615,0.994,"ns",-0.00626738136272672,0.00261361560268669,NA
"MTX","P97S","BUD14",0.64716107756109,0.447,"ns",0.0872977274655335,0.349692476868064,NA
"MTX","P97S","BZZ1",0.598645781612464,0.55,"ns",-0.00464318635624405,0.259637310505756,NA
"MTX","P97S","CDC25",0.519216575054085,0.922,"ns",-0.0608268258670531,0.0352690789463706,NA
"MTX","P97S","CYK3",0.592055642729497,0.266,"ns",0.0689518650972028,0.575118363368933,NA
"MTX","P97S","FUS1",0.561650006226784,0.95,"ns",0.013071131832162,0.0222763947111523,NA
"MTX","P97S","HOF1",0.551969940530163,0.928,"ns",0.0492601853496923,0.0324520237811379,NA
"MTX","P97S","HSE1",0.652095353268858,0.28,"ns",0.0752955297317869,0.552841968657781,NA
"MTX","P97S","LSB1",0.646070018423567,0.279,"ns",0.023261190545169,0.554395796726402,NA
"MTX","P97S","LSB3",0.672168654067817,0.207,"ns",0.041884728427114,0.684029654543082,NA
"MTX","P97S","MYO3",0.684568520296752,0.612,"ns",0.0543002829923686,0.213248577854439,NA
"MTX","P97S","MYO5",0.671697378884968,0.835,"ns",0.0422322875807979,0.0783135245163979,NA
"MTX","P97S","PEX13",0.53835044011025,0.978,"ns",0.0207575749849386,0.00966114521239857,NA
"MTX","P97S","PIN3",0.648339565434627,0.246,"ns",0.0748484385516796,0.609064892896621,NA
"MTX","P97S","RVS167",0.722792371717634,0.246,"ns",0.0708884282310782,0.609064892896621,NA
"MTX","P97S","SDC25_17W",0.529784955585065,0.536,"ns",-0.0495308105609285,0.27083521030723,NA
"MTX","P97S","SLA1",0.672068547261805,0.208,"ns",0.130788362535754,0.681936665037238,NA
"MTX","P97S","YSC84",0.616810585645353,0.662,"ns",-0.00676075865531518,0.1791420105603,NA
"MTX","Q82W","ABP1",0.723977480590619,0.001,"**",-0.182655997931754,3,"Q82W"
"MTX","Q82W","BBC1",0.711121332066167,0.067,"ns",0.215118166758304,1.17392519729917,NA
"MTX","Q82W","BEM1",0.608379806982041,0.625,"ns",0.0506364182349733,0.204119982655925,NA
"MTX","Q82W","BOI1",0.637743066550981,0.831,"ns",0.113006065435258,0.080398976215889,NA
"MTX","Q82W","BOI2",0.651791809135152,0.994,"ns",0.086978792826138,0.00261361560268669,NA
"MTX","Q82W","BUD14",0.645131653598559,0.317,"ns",0.0827664905052585,0.498940737782249,NA
"MTX","Q82W","BZZ1",0.63863087990524,0.55,"ns",0.0886365137093705,0.259637310505756,NA
"MTX","Q82W","CDC25",0.64832162929077,0.008,"**",0.259546439498874,2.09691001300806,"Q82W"
"MTX","Q82W","CYK3",0.655424925229183,0.135,"ns",0.215649633463554,0.869666231504994,NA
"MTX","Q82W","FUS1",0.678841977486274,0.002,"**",0.286475520275189,2.69897000433602,"Q82W"
"MTX","Q82W","HOF1",0.645694733386183,0.315,"ns",0.275522743034245,0.501689446210399,NA
"MTX","Q82W","HSE1",0.644358509659322,0.44,"ns",0.0580761920690878,0.356547323513813,NA
"MTX","Q82W","LSB1",0.572244505856478,0.301,"ns",-0.1517976297574,0.521433504406157,NA
"MTX","Q82W","LSB3",0.627476490487918,0.797,"ns",-0.0573771301409933,0.0985416786038876,NA
"MTX","Q82W","MYO3",0.619534742972698,0.436,"ns",-0.0897094792039568,0.360513510731414,NA
"MTX","Q82W","MYO5",0.6220217828296,0.814,"ns",-0.0686140080644418,0.0893755951107988,NA
"MTX","Q82W","PEX13",0.59361710207732,0.257,"ns",0.161744628207918,0.590066876668705,NA
"MTX","Q82W","PIN3",0.613072066057857,0.984,"ns",-0.00584450729876885,0.00700490156865849,NA
"MTX","Q82W","RVS167",0.60752747881248,0.012,"*",-0.179743187875445,1.92081875395238,"Q82W"
"MTX","Q82W","SDC25_17W",0.670146183193451,0.019,"*",0.289538147689369,1.72124639904717,"Q82W"
"MTX","Q82W","SLA1",0.5929122846926,0.509,"ns",-0.0500013362761884,0.293282217663241,NA
"MTX","Q82W","YSC84",0.550429251247342,0.383,"ns",-0.17103114285956,0.416801226031377,NA
"MTX","Q89D","ABP1",0.769773172971897,0.279,"ns",-0.0941674274387474,0.554395796726402,NA
"MTX","Q89D","BBC1",0.517438251751835,0.417,"ns",-0.243590858265013,0.379863945026242,NA
"MTX","Q89D","BEM1",0.537474949419596,0.658,"ns",-0.128138335179798,0.181774106386044,NA
"MTX","Q89D","BOI1",0.55399273655937,0.742,"ns",-0.0901021825942385,0.129596094720973,NA
"MTX","Q89D","BOI2",0.523952712255257,0.552,"ns",-0.227995817841791,0.258060922270801,NA
"MTX","Q89D","BUD14",0.582508448248817,0.598,"ns",-0.0645481407466487,0.223298816011589,NA
"MTX","Q89D","BZZ1",0.559695657025706,0.403,"ns",-0.101703246795422,0.394694953858891,NA
"MTX","Q89D","CDC25",0.493806010228723,0.566,"ns",-0.133218869413085,0.247183568811729,NA
"MTX","Q89D","CYK3",0.537377724398021,0.731,"ns",-0.0708443854709071,0.13608262304214,NA
"MTX","Q89D","FUS1",0.541926237691997,0.477,"ns",-0.0385037613763853,0.321481620959886,NA
"MTX","Q89D","HOF1",0.56285023633983,0.928,"ns",0.077421583121439,0.0324520237811379,NA
"MTX","Q89D","HSE1",0.596276143848002,0.653,"ns",-0.0538067918564068,0.185086818724926,NA
"MTX","Q89D","LSB1",0.600099550986394,0.279,"ns",-0.0832274858397723,0.554395796726402,NA
"MTX","Q89D","LSB3",0.586800819851626,0.07,"ns",-0.154067650424689,1.15490195998574,NA
"MTX","Q89D","MYO3",0.620560619782996,0.273,"ns",-0.0873225212830584,0.563837352959244,NA
"MTX","Q89D","MYO5",0.623449545421221,0.835,"ns",-0.0653063013897348,0.0783135245163979,NA
"MTX","Q89D","PEX13",0.504785253822508,0.258,"ns",-0.0721182625053839,0.58838029403677,NA
"MTX","Q89D","PIN3",0.596933968430055,0.389,"ns",-0.0443298262095295,0.410050398674292,NA
"MTX","Q89D","RVS167",0.66516398175662,0.369,"ns",-0.0489828023432385,0.43297363384094,NA
"MTX","Q89D","SDC25_17W",0.523444714854452,0.177,"ns",-0.0669005155921859,0.752026733638193,NA
"MTX","Q89D","SLA1",0.587303265458794,0.396,"ns",-0.0637143654886417,0.402304814074488,NA
"MTX","Q89D","YSC84",0.583013605969462,0.286,"ns",-0.0880587310769884,0.543633966870957,NA
"MTX","S83F","ABP1",0.756718902943739,0.07,"ns",-0.118843336426215,1.15490195998574,NA
"MTX","S83F","BBC1",0.529982883436618,0.412,"ns",-0.209031801314487,0.385102783966865,NA
"MTX","S83F","BEM1",0.538962759960838,0.651,"ns",-0.124150258140558,0.186419011431808,NA
"MTX","S83F","BOI1",0.52040805023605,0.106,"ns",-0.180325964309338,0.97469413473523,NA
"MTX","S83F","BOI2",0.555929476447717,0.261,"ns",-0.142530550890528,0.583359492661719,NA
"MTX","S83F","BUD14",0.568012391336125,0.317,"ns",-0.100904711554546,0.498940737782249,NA
"MTX","S83F","BZZ1",0.558365194769086,0.383,"ns",-0.105136784786919,0.416801226031377,NA
"MTX","S83F","CDC25",0.490305146219197,0.503,"ns",-0.143483361219503,0.298432014944073,NA
"MTX","S83F","CYK3",0.530892248230177,0.389,"ns",-0.0883618286257637,0.410050398674292,NA
"MTX","S83F","FUS1",0.502639945422922,0.043,"*",-0.147074930611114,1.36653154442041,"S83F"
"MTX","S83F","HOF1",0.501468613591376,0.35,"ns",-0.0891701098931214,0.455931955649724,NA
"MTX","S83F","HSE1",0.564121905330533,0.179,"ns",-0.133780450518204,0.747146969020107,NA
"MTX","S83F","LSB1",0.577252664170575,0.064,"ns",-0.139226409803129,1.19382002601611,NA
"MTX","S83F","LSB3",0.589451072960362,0.02,"*",-0.147566468984533,1.69897000433602,"S83F"
"MTX","S83F","MYO3",0.602932529956671,0.273,"ns",-0.12889809987647,0.563837352959244,NA
"MTX","S83F","MYO5",0.620401550211503,0.835,"ns",-0.0723768203461258,0.0783135245163979,NA
"MTX","S83F","PEX13",0.489566413777326,0.258,"ns",-0.116283441567343,0.58838029403677,NA
"MTX","S83F","PIN3",0.591937002690684,0.341,"ns",-0.0564575344633602,0.467245621007502,NA
"MTX","S83F","RVS167",0.644823441332054,0.246,"ns",-0.0937886607261487,0.609064892896621,NA
"MTX","S83F","SDC25_17W",0.534610526612532,0.23,"ns",-0.0364494414550533,0.638272163982407,NA
"MTX","S83F","SLA1",0.579763014531227,0.158,"ns",-0.0823567239793907,0.801342913045577,NA
"MTX","S83F","YSC84",0.5767312361667,0.226,"ns",-0.103689121635057,0.645891560852599,NA
"MTX","S83W","ABP1",0.789876999689776,0.647,"ns",-0.0569728076342347,0.1890957193313,NA
"MTX","S83W","BBC1",0.525485511461515,0.086,"ns",-0.221326580666186,1.06550154875643,NA
"MTX","S83W","BEM1",0.54527276444908,0.766,"ns",-0.107357753639287,0.115771230367396,NA
"MTX","S83W","BOI1",0.555958750647414,0.58,"ns",-0.0849913975300826,0.236572006437063,NA
"MTX","S83W","BOI2",0.583264451438741,0.769,"ns",-0.0732822814159174,0.114073660198569,NA
"MTX","S83W","BUD14",0.58833107436986,0.755,"ns",-0.0501988761073807,0.122053048370812,NA
"MTX","S83W","BZZ1",0.551263486241051,0.383,"ns",-0.12360375440288,0.416801226031377,NA
"MTX","S83W","CDC25",0.546485580533181,0.926,"ns",0.0130201643363169,0.0333890133180656,NA
"MTX","S83W","CYK3",0.525832593701049,0.684,"ns",-0.102177334783354,0.164943898279884,NA
"MTX","S83W","FUS1",0.515636976934162,0.408,"ns",-0.11024453439101,0.38933983691012,NA
"MTX","S83W","HOF1",0.518605098582254,0.928,"ns",-0.0406931268621712,0.0324520237811379,NA
"MTX","S83W","HSE1",0.59530355461978,0.448,"ns",-0.0561619007421671,0.348721986001856,NA
"MTX","S83W","LSB1",0.604861006394652,0.303,"ns",-0.0718256788389679,0.518557371497695,NA
"MTX","S83W","LSB3",0.615174330617368,0.07,"ns",-0.0859432318939365,1.15490195998574,NA
"MTX","S83W","MYO3",0.613452100269626,0.307,"ns",-0.103943969541671,0.512861624522813,NA
"MTX","S83W","MYO5",0.618522738286117,0.835,"ns",-0.0767524787306346,0.0783135245163979,NA
"MTX","S83W","PEX13",0.505628847974614,0.385,"ns",-0.0697092514268872,0.414539270491499,NA
"MTX","S83W","PIN3",0.587728751442983,0.213,"ns",-0.0667507025722718,0.671620396561262,NA
"MTX","S83W","RVS167",0.666570359176661,0.587,"ns",-0.0459356863811253,0.231361898752386,NA
"MTX","S83W","SDC25_17W",0.535091173860851,0.36,"ns",-0.0351529539428314,0.443697499232713,NA
"MTX","S83W","SLA1",0.580247238681091,0.33,"ns",-0.08115227286643,0.481486060122112,NA
"MTX","S83W","YSC84",0.611789727714802,0.579,"ns",-0.0185524000593684,0.237321436272564,NA
"MTX","V100A","ABP1",0.807752817056024,0.675,"ns",-0.0246869437992075,0.170696227168975,NA
"MTX","V100A","BEM1",0.590909395696439,0.658,"ns",0.00860108806632876,0.181774106386044,NA
"MTX","V100A","BOI1",0.598443978555349,0.879,"ns",0.0212469564368705,0.0560111249262281,NA
"MTX","V100A","BOI2",0.62878485892509,0.994,"ns",0.0351340486015707,0.00261361560268669,NA
"MTX","V100A","BUD14",0.62521210737323,0.755,"ns",0.037518602331937,0.122053048370812,NA
"MTX","V100A","BZZ1",0.612193778195097,0.55,"ns",0.0276425827028666,0.259637310505756,NA
"MTX","V100A","CDC25",0.560481279379977,0.672,"ns",0.0495029210372519,0.172630726946175,NA
"MTX","V100A","CYK3",0.580238364184711,0.266,"ns",0.0398647818872677,0.575118363368933,NA
"MTX","V100A","FUS1",0.590344020728224,0.477,"ns",0.0849556654124721,0.321481620959886,NA
"MTX","V100A","HOF1",0.572545619304278,0.928,"ns",0.102061132134824,0.0324520237811379,NA
"MTX","V100A","HSE1",0.616107443547845,0.921,"ns",-0.00660544383168747,0.0357403698031511,NA
"MTX","V100A","LSB1",0.630760061691738,0.718,"ns",-0.0113380214136867,0.1438755557577,NA
"MTX","V100A","LSB3",0.65543770686091,0.969,"ns",0.00552013537271177,0.0136762229492347,NA
"MTX","V100A","MYO3",0.668246972645973,0.928,"ns",0.0194867277241988,0.0324520237811379,NA
"MTX","V100A","MYO5",0.635738679550071,0.835,"ns",-0.0371452442085901,0.0783135245163979,NA
"MTX","V100A","PEX13",0.541034465813506,0.661,"ns",0.0279324734508049,0.17979854051436,NA
"MTX","V100A","PIN3",0.629535956279764,0.462,"ns",0.0323876019303338,0.335358024443874,NA
"MTX","V100A","RVS167",0.666676299042137,0.721,"ns",-0.0457064130985939,0.142064735280571,NA
"MTX","V100A","SDC25_17W",0.564023774399033,0.493,"ns",0.0408182892048943,0.30715308072277,NA
"MTX","V100A","SLA1",0.631124456729006,0.478,"ns",0.0401045055471556,0.320572103387881,NA
"MTX","V100A","YSC84",0.642416795303384,0.579,"ns",0.0519213275571055,0.237321436272564,NA
"MTX","V100L","ABP1",0.831458161550369,0.799,"ns",0.0170428491056975,0.0974532206860086,NA
"MTX","V100L","BBC1",0.629285947673965,0.497,"ns",0.0387381592184936,0.303643611266668,NA
"MTX","V100L","BEM1",0.583360630721112,0.876,"ns",-0.00994782414641607,0.0574958938319193,NA
"MTX","V100L","BOI1",0.597667851269426,0.831,"ns",0.0193746981484279,0.080398976215889,NA
"MTX","V100L","BOI2",0.617823300977752,0.994,"ns",0.00976185323797256,0.00261361560268669,NA
"MTX","V100L","BUD14",0.611286960628141,0.598,"ns",0.00502267888970526,0.223298816011589,NA
"MTX","V100L","BZZ1",0.62247137068888,0.417,"ns",0.0516616849280625,0.379863945026242,NA
"MTX","V100L","CDC25",0.556049375624727,0.922,"ns",0.0380497305292669,0.0352690789463706,NA
"MTX","V100L","CYK3",0.575596550710761,0.813,"ns",0.0282770418121292,0.0899094544059319,NA
"MTX","V100L","FUS1",0.593277407628509,0.286,"ns",0.0921065859636493,0.543633966870957,NA
"MTX","V100L","HOF1",0.551984429212932,0.928,"ns",0.0492980542170175,0.0324520237811379,NA
"MTX","V100L","HSE1",0.618286544395125,0.988,"ns",-0.00151180066363527,0.00524305541237188,NA
"MTX","V100L","LSB1",0.689406544833518,0.064,"ns",0.116925658666924,1.19382002601611,NA
"MTX","V100L","LSB3",0.68325289277495,0.102,"ns",0.0654811257776757,0.991399828238082,NA
"MTX","V100L","MYO3",0.659210358527811,0.928,"ns",-0.000155756384586042,0.0324520237811379,NA
"MTX","V100L","MYO5",0.671135905197533,0.835,"ns",0.0410258305153368,0.0783135245163979,NA
"MTX","V100L","PEX13",0.547022832769387,0.563,"ns",0.0438130241441149,0.249491605148654,NA
"MTX","V100L","PIN3",0.70891698232733,0.054,"ns",0.203715511997336,1.26760624017703,NA
"MTX","V100L","RVS167",0.742103586029285,0.088,"ns",0.108927726532966,1.05551732784983,NA
"MTX","V100L","SDC25_17W",0.571796406137931,0.36,"ns",0.0605638660169252,0.443697499232713,NA
"MTX","V100L","SLA1",0.643523473576818,0.478,"ns",0.0681727492195537,0.320572103387881,NA
"MTX","V100L","YSC84",0.621709954905523,0.579,"ns",0.00465339617468054,0.237321436272564,NA
"MTX","V91A","ABP1",0.820624223011168,0.982,"ns",-0.00187908070570764,0.00788851221305034,NA
"MTX","V91A","BBC1",0.604709313009774,0.839,"ns",-0.0187357699962438,0.0762380391712997,NA
"MTX","V91A","BEM1",0.571330322274613,0.901,"ns",-0.0400107501977803,0.045275209020937,NA
"MTX","V91A","BOI1",0.587028576575235,0.831,"ns",-0.00653850821032842,0.080398976215889,NA
"MTX","V91A","BOI2",0.616094501593322,0.941,"ns",0.00571923074659886,0.0264103765727431,NA
"MTX","V91A","BUD14",0.599266462049298,0.916,"ns",-0.0236294786584323,0.0381045263321496,NA
"MTX","V91A","BZZ1",0.588473570626511,0.856,"ns",-0.0293681771689558,0.0675262353228468,NA
"MTX","V91A","CDC25",0.563432954634148,0.566,"ns",0.0570806826010744,0.247183568811729,NA
"MTX","V91A","CYK3",0.570890947597464,0.925,"ns",0.0164342813685698,0.0338582672609674,NA
"MTX","V91A","FUS1",0.55966948128265,0.95,"ns",0.00797482071241916,0.0222763947111523,NA
"MTX","V91A","HOF1",0.565700769685025,0.928,"ns",0.0847096171485652,0.0324520237811379,NA
"MTX","V91A","HSE1",0.628351963871515,0.982,"ns",0.0217854843614239,0.00788851221305034,NA
"MTX","V91A","LSB1",0.638112975741566,0.959,"ns",0.00538253464631688,0.0181813928293364,NA
"MTX","V91A","LSB3",0.647704443438797,0.969,"ns",-0.0116028956873082,0.0136762229492347,NA
"MTX","V91A","MYO3",0.671066218758174,0.928,"ns",0.0255604652467716,0.0324520237811379,NA
"MTX","V91A","MYO5",0.639505027585311,0.835,"ns",-0.0286234104581743,0.0783135245163979,NA
"MTX","V91A","PEX13",0.532903022369916,0.867,"ns",0.0060849870769202,0.0619809025237897,NA
"MTX","V91A","PIN3",0.621015858249626,0.984,"ns",0.0127289308913596,0.00700490156865849,NA
"MTX","V91A","RVS167",0.684429946179034,0.989,"ns",-0.00778996787503906,0.0048037084028206,NA
"MTX","V91A","SDC25_17W",0.539406572760781,0.637,"ns",-0.0235645851703652,0.19586056766465,NA
"MTX","V91A","SLA1",0.640292450608412,0.552,"ns",0.0609109750549088,0.258060922270801,NA
"MTX","V91A","YSC84",0.634452250724424,0.579,"ns",0.0339233064979629,0.237321436272564,NA
"MTX","V91C","ABP1",0.771679645091431,0.279,"ns",-0.0905987690371992,0.554395796726402,NA
"MTX","V91C","BBC1",0.576733548147852,0.428,"ns",-0.0870726225215793,0.368556230986828,NA
"MTX","V91C","BEM1",0.538186589596749,0.658,"ns",-0.126229407757878,0.181774106386044,NA
"MTX","V91C","BOI1",0.538361826056546,0.296,"ns",-0.131393128172786,0.528708288941061,NA
"MTX","V91C","BOI2",0.597921570434611,0.769,"ns",-0.0374761714052299,0.114073660198569,NA
"MTX","V91C","BUD14",0.596532789959656,0.755,"ns",-0.0302256728454475,0.122053048370812,NA
"MTX","V91C","BZZ1",0.543892223123243,0.403,"ns",-0.143025002453418,0.394694953858891,NA
"MTX","V91C","CDC25",0.508140494695935,0.922,"ns",-0.0919358255132752,0.0352690789463706,NA
"MTX","V91C","CYK3",0.559325411992232,0.925,"ns",-0.0130930266834518,0.0338582672609674,NA
"MTX","V91C","FUS1",0.544715734596249,0.477,"ns",-0.0310967178549294,0.321481620959886,NA
"MTX","V91C","HOF1",0.517238440020768,0.837,"ns",-0.0445000196984285,0.07727454200674,NA
"MTX","V91C","HSE1",0.597234524380681,0.921,"ns",-0.051489843754034,0.0357403698031511,NA
"MTX","V91C","LSB1",0.618263143379885,0.373,"ns",-0.0402083316788114,0.428291168191312,NA
"MTX","V91C","LSB3",0.642732699069568,0.689,"ns",-0.0227196656563179,0.161780778092374,NA
"MTX","V91C","MYO3",0.633127251587796,0.362,"ns",-0.0583991743556761,0.441291429466834,NA
"MTX","V91C","MYO5",0.63351509890054,0.835,"ns",-0.0422001073295629,0.0783135245163979,NA
"MTX","V91C","PEX13",0.481392676458638,0.177,"ns",-0.140573834401047,0.752026733638193,NA
"MTX","V91C","PIN3",0.611615246585047,0.641,"ns",-0.00927680744351899,0.193141970481183,NA
"MTX","V91C","RVS167",0.663007214240209,0.381,"ns",-0.0536682834689338,0.419075024324381,NA
"MTX","V91C","SDC25_17W",0.494208448731278,0.102,"ns",-0.149818011891735,0.991399828238082,NA
"MTX","V91C","SLA1",0.591359148288859,0.478,"ns",-0.0537854408483889,0.320572103387881,NA
"MTX","V91C","YSC84",0.601029772161298,0.579,"ns",-0.0441518265484385,0.237321436272564,NA
"MTX","V91L","ABP1",0.769652791854007,0.505,"ns",-0.0943930612088912,0.296708621881339,NA
"MTX","V91L","BBC1",0.542222957977492,0.414,"ns",-0.176091368958895,0.382999658879101,NA
"MTX","V91L","BEM1",0.602710546590497,0.766,"ns",0.037129459697985,0.115771230367396,NA
"MTX","V91L","BOI1",0.590912185970697,0.913,"ns",0.00297450720548911,0.039529222465701,NA
"MTX","V91L","BOI2",0.606594187084005,0.994,"ns",-0.0167007566018565,0.00261361560268669,NA
"MTX","V91L","BUD14",0.600192830987392,0.969,"ns",-0.0214010276447037,0.0136762229492347,NA
"MTX","V91L","BZZ1",0.590180191349348,0.903,"ns",-0.0251903005887507,0.0443122496864942,NA
"MTX","V91L","CDC25",0.528423018124995,0.981,"ns",-0.0354699535806893,0.0083309926200515,NA
"MTX","V91L","CYK3",0.572848780321091,0.636,"ns",0.0213734441014146,0.196542884351586,NA
"MTX","V91L","FUS1",0.543395798343598,0.646,"ns",-0.0345968487925823,0.189767482004916,NA
"MTX","V91L","HOF1",0.536937941518646,0.928,"ns",0.00942583657224871,0.0324520237811379,NA
"MTX","V91L","HSE1",0.622190599463363,0.988,"ns",0.00756918806795353,0.00524305541237188,NA
"MTX","V91L","LSB1",0.615176701010878,0.59,"ns",-0.0474284720266504,0.229147988357856,NA
"MTX","V91L","LSB3",0.653211346014326,0.969,"ns",0.000611313035136006,0.0136762229492347,NA
"MTX","V91L","MYO3",0.657353840598116,0.802,"ns",-0.00422451503312397,0.0958256317158365,NA
"MTX","V91L","MYO5",0.675134961873592,0.835,"ns",0.0495968192296876,0.0783135245163979,NA
"MTX","V91L","PEX13",0.532606650461207,0.974,"ns",0.00528241474016654,0.0114410431213845,NA
"MTX","V91L","PIN3",0.621634451686668,0.709,"ns",0.0141652830984587,0.149353764816933,NA
"MTX","V91L","RVS167",0.692346782775886,0.878,"ns",0.00880198425084102,0.0565054840938974,NA
"MTX","V91L","SDC25_17W",0.53359702138823,0.595,"ns",-0.039187073111944,0.22548303427145,NA
"MTX","V91L","SLA1",0.617662705948423,0.6,"ns",0.00899919952152565,0.221848749616356,NA
"MTX","V91L","YSC84",0.583435870149034,0.579,"ns",-0.0870141963982088,0.237321436272564,NA
"MTX","WT","ABP1",0.821693765610717,NA,NA,0,NA,NA
"MTX","WT","BBC1",0.612613673355115,NA,NA,0,NA,NA
"MTX","WT","BEM1",0.587396980872648,NA,NA,0,NA,NA
"MTX","WT","BOI1",0.589695115286694,NA,NA,0,NA,NA
"MTX","WT","BOI2",0.613656972167756,NA,NA,0,NA,NA
"MTX","WT","BUD14",0.60916249241465,NA,NA,0,NA,NA
"MTX","WT","BZZ1",0.600575573866438,NA,NA,0,NA,NA
"MTX","WT","CDC25",0.541575796627791,NA,NA,0,NA,NA
"MTX","WT","CYK3",0.564424614415298,NA,NA,0,NA,NA
"MTX","WT","FUS1",0.556584317407123,NA,NA,0,NA,NA
"MTX","WT","HOF1",0.53344129683775,NA,NA,0,NA,NA
"MTX","WT","HSE1",0.618934786679604,NA,NA,0,NA,NA
"MTX","WT","LSB1",0.635736682840474,NA,NA,0,NA,NA
"MTX","WT","LSB3",0.652934619464393,NA,NA,0,NA,NA
"MTX","WT","MYO3",0.659281532103644,NA,NA,0,NA,NA
"MTX","WT","MYO5",0.652319660740315,NA,NA,0,NA,NA
"MTX","WT","PEX13",0.530660081912172,NA,NA,0,NA,NA
"MTX","WT","PIN3",0.6155607221057,NA,NA,0,NA,NA
"MTX","WT","RVS167",0.688135585665637,NA,NA,0,NA,NA
"MTX","WT","SDC25_17W",0.548289439466338,NA,NA,0,NA,NA
"MTX","WT","SLA1",0.613821859800587,NA,NA,0,NA,NA
"MTX","WT","YSC84",0.619707867224975,NA,NA,0,NA,NA
"MTX","stuffed","ABP1",0.828947086628197,0.854,"ns",0.0126791937831533,0.0685421293109949,NA
"MTX","stuffed","BBC1",0.636267322017868,0.469,"ns",0.0546554604584936,0.328827157284917,NA
"MTX","stuffed","BEM1",0.594143498567082,0.658,"ns",0.0164755648585884,0.181774106386044,NA
"MTX","stuffed","BOI1",0.618689945172663,0.106,"ns",0.0692473440369343,0.97469413473523,NA
"MTX","stuffed","BOI2",0.640153994149652,0.994,"ns",0.0609865691979029,0.00261361560268669,NA
"MTX","stuffed","BUD14",0.642828984175363,0.305,"ns",0.0776078650011313,0.515700160653214,NA
"MTX","stuffed","BZZ1",0.617984015993528,0.479,"ns",0.0412237237159842,0.319664486585437,NA
"MTX","stuffed","CDC25",0.57816749958436,0.064,"ns",0.0943242477821905,1.19382002601611,NA
"MTX","stuffed","CYK3",0.617962878199478,0.173,"ns",0.130739271368312,0.761953896871205,NA
"MTX","stuffed","FUS1",0.603140425074827,0.298,"ns",0.115893674929088,0.525783735923745,NA
"MTX","stuffed","HOF1",0.610835847904638,0.837,"ns",0.195455214800091,0.07727454200674,NA
"MTX","stuffed","HSE1",0.638188614319742,0.35,"ns",0.0441954606566181,0.455931955649724,NA
"MTX","stuffed","LSB1",0.681701617045691,0.064,"ns",0.100711068995324,1.19382002601611,NA
"MTX","stuffed","LSB3",0.6892250939345,0.281,"ns",0.0780366923673788,0.55129368009492,NA
"MTX","stuffed","MYO3",0.693887546362717,0.307,"ns",0.0738072050411995,0.512861624522813,NA
"MTX","stuffed","MYO5",0.688131929557598,0.835,"ns",0.0771060752143855,0.0783135245163979,NA
"MTX","stuffed","PEX13",0.580566320057391,0.186,"ns",0.129672852128846,0.730487055782084,NA
"MTX","stuffed","PIN3",0.654431359466578,0.213,"ns",0.0883407032742527,0.671620396561262,NA
"MTX","stuffed","RVS167",0.7108110318102,0.246,"ns",0.0467732202293359,0.609064892896621,NA
"MTX","stuffed","SDC25_17W",0.57610377598158,0.351,"ns",0.071391027430546,0.454692883534176,NA
"MTX","stuffed","SLA1",0.666489504667389,0.136,"ns",0.118762132249392,0.866461091629782,NA
"MTX","stuffed","YSC84",0.663816804286533,0.175,"ns",0.099196867673276,0.756961951313706,NA
